<?xml version="1.0" encoding="utf-8"?>
<!--/1190041/1146735/2.50/6/4/Power Supply/-->
<quadcept_library>
  <setting unit="mil" />
  <textstyle name="Default" height="47.244094488189" strokewidth="7.8740157480315" charwidth="47.244094488189" />
  <textstyle name="Dimension" height="19.6850393700787" strokewidth="0" charwidth="19.6850393700787" />
  <textstyle name="H127W0635TH00762" height="50" strokewidth="3" charwidth="25" />
  <textstyle name="H15W15TH02" height="59.0551181102362" strokewidth="7.8740157480315" charwidth="59.0551181102362" />
  <padstyle name="c225_h150" surface="False" plated="True" isvia="False" nopaste="True" nomask="True" complex="False" holesize="59.055118110235">
    <padshape layer="TOP" shape="round" width="88.582677165353" height="88.582677165353" />
    <padshape layer="TOP_SOLDER_MASK" shape="round" width="96.456692913385" height="96.456692913385" />
    <padshape layer="INNER" shape="round" width="88.582677165353" height="88.582677165353" />
    <padshape layer="BOTTOM" shape="round" width="88.582677165353" height="88.582677165353" />
    <padshape layer="BOTTOM_SOLDER_MASK" shape="round" width="96.456692913385" height="96.456692913385" />
  </padstyle>
  <footprint name="RPA602412SFWHC" originx="0" originy="0" pickpointx="0" pickpointy="0">
    <pcbpin number="1" name="1" style="c225_h150" originx="0" originy="0" rotation="90" />
    <pcbpin number="2" name="2" style="c225_h150" originx="0" originy="200" rotation="90" />
    <pcbpin number="3" name="3" style="c225_h150" originx="0" originy="599.99999999999" rotation="90" />
    <pcbpin number="4" name="4" style="c225_h150" originx="1800" originy="699.99999999999" rotation="90" />
    <pcbpin number="5" name="5" style="c225_h150" originx="1800" originy="300" rotation="90" />
    <pcbpin number="6" name="6" style="c225_h150" originx="1800" originy="-99.999999999999" rotation="90" />
    <line layer="TOP_ASSEMBLY" originx="-99.999999999999" originy="799.99999999999" endx="1900" endy="799.99999999999" width="7.8740157480314" />
    <line layer="TOP_ASSEMBLY" originx="1900" originy="799.99999999999" endx="1900" endy="-200" width="7.8740157480314" />
    <line layer="TOP_ASSEMBLY" originx="1900" originy="-200" endx="-99.999999999999" endy="-200" width="7.8740157480314" />
    <line layer="TOP_ASSEMBLY" originx="-99.999999999999" originy="-200" endx="-99.999999999999" endy="799.99999999999" width="7.8740157480314" />
    <line layer="TOP_SILKSCREEN" originx="-99.999999999999" originy="799.99999999999" endx="1900" endy="799.99999999999" width="3.9370078740157" />
    <line layer="TOP_SILKSCREEN" originx="1900" originy="799.99999999999" endx="1900" endy="-200" width="3.9370078740157" />
    <line layer="TOP_SILKSCREEN" originx="1900" originy="-200" endx="-99.999999999999" endy="-200" width="3.9370078740157" />
    <line layer="TOP_SILKSCREEN" originx="-99.999999999999" originy="-200" endx="-99.999999999999" endy="799.99999999999" width="3.9370078740157" />
    <line layer="TOP_PLACE_BOUND" originx="-210.23622047244" originy="839.37007874015" endx="1939.3700787401" endy="839.37007874015" width="3.9370078740157" />
    <line layer="TOP_PLACE_BOUND" originx="1939.3700787401" originy="839.37007874015" endx="1939.3700787401" endy="-239.37007874015" width="3.9370078740157" />
    <line layer="TOP_PLACE_BOUND" originx="1939.3700787401" originy="-239.37007874015" endx="-210.23622047244" endy="-239.37007874015" width="3.9370078740157" />
    <line layer="TOP_PLACE_BOUND" originx="-210.23622047244" originy="-239.37007874015" endx="-210.23622047244" endy="839.37007874015" width="3.9370078740157" />
    <line layer="TOP_SILKSCREEN" originx="-162.99212598425" originy="-14.96062992126" endx="-162.99212598425" endy="-14.96062992126" width="15.748031496063" />
    <arc layer="TOP_SILKSCREEN" originx="-166.92913385827" originy="-14.96062992126" startangle=".0" sweepangle="180.0" radius="3.9370078740157" width="15.748031496063" />
    <line layer="TOP_SILKSCREEN" originx="-170.86614173228" originy="-14.96062992126" endx="-170.86614173228" endy="-14.96062992126" width="15.748031496063" />
    <arc layer="TOP_SILKSCREEN" originx="-166.92913385827" originy="-14.96062992126" startangle="180.0" sweepangle="180.0" radius="3.9370078740157" width="15.748031496063" />
  </footprint>
  <symbol name="RPA60-2412SFW-HC" originx="0" originy="0">
    <line originx="200" originy="100" endx="1000" endy="100" width="0" />
    <line originx="1000" originy="-300" endx="1000" endy="100" width="0" />
    <line originx="1000" originy="-300" endx="200" endy="-300" width="0" />
    <line originx="200" originy="100" endx="200" endy="-300" width="0" />
    <sympin number="1" originx="200" originy="-200" rotation="180" length="100" width="7.8740157480315" flipped="False">
      <text name="pinname" originx="230" originy="-200" style="Default" rotation="0" justify="left" flipped="False" hidden="False" data="+VIN" />
      <text name="pindes" originx="140" originy="-180" style="Default" rotation="0" justify="lowerright" flipped="False" hidden="False" data="1" />
    </sympin>
    <sympin number="2" originx="200" originy="-100" rotation="180" length="100" width="7.8740157480315" flipped="False">
      <text name="pinname" originx="230" originy="-100" style="Default" rotation="0" justify="left" flipped="False" hidden="False" data="-VIN" />
      <text name="pindes" originx="140" originy="-80" style="Default" rotation="0" justify="lowerright" flipped="False" hidden="False" data="2" />
    </sympin>
    <sympin number="3" originx="200" originy="0" rotation="180" length="100" width="7.8740157480315" flipped="False">
      <text name="pinname" originx="230" originy="0" style="Default" rotation="0" justify="left" flipped="False" hidden="False" data="CTRL" />
      <text name="pindes" originx="140" originy="20" style="Default" rotation="0" justify="lowerright" flipped="False" hidden="False" data="3" />
    </sympin>
    <sympin number="4" originx="1000" originy="0" rotation="0" length="100" width="7.8740157480315" flipped="False">
      <text name="pinname" originx="970" originy="0" style="Default" rotation="0" justify="right" flipped="False" hidden="False" data="TRIM" />
      <text name="pindes" originx="1060" originy="20" style="Default" rotation="0" justify="lowerleft" flipped="False" hidden="False" data="4" />
    </sympin>
    <sympin number="5" originx="1000" originy="-100" rotation="0" length="100" width="7.8740157480315" flipped="False">
      <text name="pinname" originx="970" originy="-100" style="Default" rotation="0" justify="right" flipped="False" hidden="False" data="-VOUT" />
      <text name="pindes" originx="1060" originy="-80" style="Default" rotation="0" justify="lowerleft" flipped="False" hidden="False" data="5" />
    </sympin>
    <sympin number="6" originx="1000" originy="-200" rotation="0" length="100" width="7.8740157480315" flipped="False">
      <text name="pinname" originx="970" originy="-200" style="Default" rotation="0" justify="right" flipped="False" hidden="False" data="+VOUT" />
      <text name="pindes" originx="1060" originy="-180" style="Default" rotation="0" justify="lowerleft" flipped="False" hidden="False" data="6" />
    </sympin>
  </symbol>
  <component name="RPA60-2412SFW-HC" designatorprefix="PS" height="421.25984251968" footprint="RPA602412SFWHC">
    <comppin designator="1" sympin="1" pinswap="0" gateswap="0" gate="1" group="1" side="" type="Any" name="+VIN" />
    <comppin designator="2" sympin="2" pinswap="0" gateswap="0" gate="1" group="1" side="" type="Any" name="-VIN" />
    <comppin designator="3" sympin="3" pinswap="0" gateswap="0" gate="1" group="1" side="" type="Any" name="CTRL" />
    <comppin designator="4" sympin="4" pinswap="0" gateswap="0" gate="1" group="1" side="" type="Any" name="TRIM" />
    <comppin designator="5" sympin="5" pinswap="0" gateswap="0" gate="1" group="1" side="" type="Any" name="-VOUT" />
    <comppin designator="6" sympin="6" pinswap="0" gateswap="0" gate="1" group="1" side="" type="Any" name="+VOUT" />
    <attached_symbol gate="1" name="RPA60-2412SFW-HC" />
    <pinmap designator="1" footprintpin="1" />
    <pinmap designator="2" footprintpin="2" />
    <pinmap designator="3" footprintpin="3" />
    <pinmap designator="4" footprintpin="4" />
    <pinmap designator="5" footprintpin="5" />
    <pinmap designator="6" footprintpin="6" />
    <text name="Datasheet" originx="0" originy="0" style="Default" rotation="0" justify="" flipped="False" hidden="True" data="https://componentsearchengine.com/Datasheets/1/RPA60-2412SFW-HC.pdf" />
    <text name="Description" originx="0" originy="0" style="Default" rotation="0" justify="" flipped="False" hidden="True" data="Isolated DC/DC Converters 60W 9-36Vin 12Vout 5A" />
    <text name="Manufacturer_Name" originx="0" originy="0" style="Default" rotation="0" justify="" flipped="False" hidden="True" data="RECOM Power" />
    <text name="Manufacturer_Part_Number" originx="1050" originy="200" style="Default" rotation="0" justify="left" flipped="False" hidden="False" data="RPA60-2412SFW-HC" />
    <text name="Mouser Part Number" originx="0" originy="0" style="Default" rotation="0" justify="" flipped="False" hidden="True" data="919-RPA60-2412SFW-HC" />
    <text name="Mouser Price/Stock" originx="0" originy="0" style="Default" rotation="0" justify="" flipped="False" hidden="True" data="https://www.mouser.co.uk/ProductDetail/RECOM-Power/RPA60-2412SFW-HC?qs=FLBwGrBR9%252B1HOZNjXa%252B%252BWg%3D%3D" />
    <text name="Arrow Part Number" originx="0" originy="0" style="Default" rotation="0" justify="" flipped="False" hidden="True" data="" />
    <text name="Arrow Price/Stock" originx="0" originy="0" style="Default" rotation="0" justify="" flipped="False" hidden="True" data="" />
  </component>
</quadcept_library>
