<?xml version="1.0" encoding="utf-8"?>
<!--/15359784/1146735/2.50/3/3/Connector/-->
<quadcept_library>
  <setting unit="mil" />
  <textstyle name="Default" height="47.244094488189" strokewidth="7.8740157480315" charwidth="47.244094488189" />
  <textstyle name="Dimension" height="19.6850393700787" strokewidth="0" charwidth="19.6850393700787" />
  <textstyle name="H127W0635TH00762" height="50" strokewidth="3" charwidth="25" />
  <textstyle name="H15W15TH02" height="59.0551181102362" strokewidth="7.8740157480315" charwidth="59.0551181102362" />
  <padstyle name="r508_152" surface="True" plated="False" isvia="False" nopaste="False" nomask="True" complex="False" holesize="0">
    <padshape layer="TOP" shape="rectangle" width="59.842519685039" height="200" />
    <padshape layer="TOP_SOLDER_MASK" shape="rectangle" width="67.71653543307" height="207.87401574803" />
    <padshape layer="TOP_SOLDER_PASTE" shape="rectangle" width="59.842519685039" height="200" />
  </padstyle>
  <footprint name="CONSMA020042G" originx="0" originy="0" pickpointx="0" pickpointy="0">
    <pcbpin number="1" name="1" style="r508_152" originx="-166.92913385827" originy="279.52755905511" rotation="0" />
    <pcbpin number="2" name="2" style="r508_152" originx="0" originy="279.52755905511" rotation="0" />
    <pcbpin number="3" name="3" style="r508_152" originx="166.92913385827" originy="279.52755905511" rotation="0" />
    <line layer="TOP_ASSEMBLY" originx="-187.00787401575" originy="-187.00787401575" endx="187.00787401575" endy="-187.00787401575" width="3.9370078740157" />
    <line layer="TOP_ASSEMBLY" originx="187.00787401575" originy="-187.00787401575" endx="187.00787401575" endy="187.00787401575" width="3.9370078740157" />
    <line layer="TOP_ASSEMBLY" originx="187.00787401575" originy="187.00787401575" endx="-187.00787401575" endy="187.00787401575" width="3.9370078740157" />
    <line layer="TOP_ASSEMBLY" originx="-187.00787401575" originy="187.00787401575" endx="-187.00787401575" endy="-187.00787401575" width="3.9370078740157" />
    <line layer="TOP_PLACE_BOUND" originx="-236.22047244094" originy="418.89763779527" endx="236.22047244094" endy="418.89763779527" width="3.9370078740157" />
    <line layer="TOP_PLACE_BOUND" originx="236.22047244094" originy="418.89763779527" endx="236.22047244094" endy="-226.3779527559" width="3.9370078740157" />
    <line layer="TOP_PLACE_BOUND" originx="236.22047244094" originy="-226.3779527559" endx="-236.22047244094" endy="-226.3779527559" width="3.9370078740157" />
    <line layer="TOP_PLACE_BOUND" originx="-236.22047244094" originy="-226.3779527559" endx="-236.22047244094" endy="418.89763779527" width="3.9370078740157" />
    <line layer="TOP_SILKSCREEN" originx="-187.00787401575" originy="160.23622047244" endx="-187.00787401575" endy="-187.00787401575" width="7.8740157480314" />
    <line layer="TOP_SILKSCREEN" originx="-187.00787401575" originy="-187.00787401575" endx="187.00787401575" endy="-187.00787401575" width="7.8740157480314" />
    <line layer="TOP_SILKSCREEN" originx="187.00787401575" originy="-187.00787401575" endx="187.00787401575" endy="160.23622047244" width="7.8740157480314" />
    <line layer="TOP_SILKSCREEN" originx="-166.92913385827" originy="401.5748031496" endx="-166.92913385827" endy="401.5748031496" width="7.8740157480314" />
    <arc layer="TOP_SILKSCREEN" originx="-166.92913385827" originy="403.54330708661" startangle="-90.0" sweepangle="180.0" radius="1.9685039370079" width="7.8740157480314" />
    <line layer="TOP_SILKSCREEN" originx="-166.92913385827" originy="405.51181102362" endx="-166.92913385827" endy="405.51181102362" width="7.8740157480314" />
    <arc layer="TOP_SILKSCREEN" originx="-166.92913385827" originy="403.54330708661" startangle="90.0" sweepangle="180.0" radius="1.9685039370079" width="7.8740157480314" />
    <line layer="TOP_SILKSCREEN" originx="-166.92913385827" originy="401.5748031496" endx="-166.92913385827" endy="401.5748031496" width="7.8740157480314" />
    <arc layer="TOP_SILKSCREEN" originx="-166.92913385827" originy="403.54330708661" startangle="-90.0" sweepangle="180.0" radius="1.9685039370079" width="7.8740157480314" />
  </footprint>
  <symbol name="CONSMA020.042-G" originx="0" originy="0">
    <line originx="200" originy="100" endx="600" endy="100" width="0" />
    <line originx="600" originy="-300" endx="600" endy="100" width="0" />
    <line originx="600" originy="-300" endx="200" endy="-300" width="0" />
    <line originx="200" originy="100" endx="200" endy="-300" width="0" />
    <sympin number="1" originx="200" originy="0" rotation="180" length="100" width="7.8740157480315" flipped="False">
      <text name="pinname" originx="230" originy="0" style="Default" rotation="0" justify="left" flipped="False" hidden="False" data="1" />
      <text name="pindes" originx="140" originy="20" style="Default" rotation="0" justify="lowerright" flipped="False" hidden="False" data="1" />
    </sympin>
    <sympin number="2" originx="200" originy="-100" rotation="180" length="100" width="7.8740157480315" flipped="False">
      <text name="pinname" originx="230" originy="-100" style="Default" rotation="0" justify="left" flipped="False" hidden="False" data="2" />
      <text name="pindes" originx="140" originy="-80" style="Default" rotation="0" justify="lowerright" flipped="False" hidden="False" data="2" />
    </sympin>
    <sympin number="3" originx="200" originy="-200" rotation="180" length="100" width="7.8740157480315" flipped="False">
      <text name="pinname" originx="230" originy="-200" style="Default" rotation="0" justify="left" flipped="False" hidden="False" data="3" />
      <text name="pindes" originx="140" originy="-180" style="Default" rotation="0" justify="lowerright" flipped="False" hidden="False" data="3" />
    </sympin>
  </symbol>
  <component name="CONSMA020.042-G" designatorprefix="J" height="311.81102362204" footprint="CONSMA020042G">
    <comppin designator="1" sympin="1" pinswap="0" gateswap="0" gate="1" group="1" side="" type="Any" name="1" />
    <comppin designator="2" sympin="2" pinswap="0" gateswap="0" gate="1" group="1" side="" type="Any" name="2" />
    <comppin designator="3" sympin="3" pinswap="0" gateswap="0" gate="1" group="1" side="" type="Any" name="3" />
    <attached_symbol gate="1" name="CONSMA020.042-G" />
    <pinmap designator="1" footprintpin="1" />
    <pinmap designator="2" footprintpin="2" />
    <pinmap designator="3" footprintpin="3" />
    <text name="Datasheet" originx="0" originy="0" style="Default" rotation="0" justify="" flipped="False" hidden="True" data="https://linxtechnologies.com/wp/wp-content/uploads/consma020.042-g-ds.pdf" />
    <text name="Description" originx="0" originy="0" style="Default" rotation="0" justify="" flipped="False" hidden="True" data="RF Connectors / Coaxial Connectors RF Connectors / Coaxial Connectors SMA, Edge Mount, Female Receptacle, 0.042&quot; PCB Mount, Gold" />
    <text name="Mouser Part Number" originx="0" originy="0" style="Default" rotation="0" justify="" flipped="False" hidden="True" data="712-CONSMA020.042-G" />
    <text name="Mouser Price/Stock" originx="0" originy="0" style="Default" rotation="0" justify="" flipped="False" hidden="True" data="https://www.mouser.co.uk/ProductDetail/Linx-Technologies/CONSMA020.042-G?qs=7D1LtPJG0i3DlJhqoQK7wQ%3D%3D" />
    <text name="Manufacturer_Name" originx="0" originy="0" style="Default" rotation="0" justify="" flipped="False" hidden="True" data="Linx Technologies" />
    <text name="Manufacturer_Part_Number" originx="650" originy="200" style="Default" rotation="0" justify="left" flipped="False" hidden="False" data="CONSMA020.042-G" />
  </component>
</quadcept_library>
